/*
Navicat MySQL Data Transfer

Source Server         : qqq
Source Server Version : 50714
Source Host           : localhost:3306
Source Database       : yuyuan

Target Server Type    : MYSQL
Target Server Version : 50714
File Encoding         : 65001

Date: 2019-08-17 10:19:12
*/

SET FOREIGN_KEY_CHECKS=0;

-- ----------------------------
-- Table structure for `manager`
-- ----------------------------
DROP TABLE IF EXISTS `manager`;
CREATE TABLE `manager` (
  `mgid` varchar(30) CHARACTER SET utf8 NOT NULL,
  `mgpw` varchar(100) CHARACTER SET utf8 NOT NULL,
  PRIMARY KEY (`mgid`)
) ENGINE=InnoDB DEFAULT CHARSET=latin1;

-- ----------------------------
-- Records of manager
-- ----------------------------
INSERT INTO `manager` VALUES ('sss', 'F411C5EF885D88A39AAFFA989519809A');

-- ----------------------------
-- Table structure for `oprecord`
-- ----------------------------
DROP TABLE IF EXISTS `oprecord`;
CREATE TABLE `oprecord` (
  `opid` int(20) NOT NULL AUTO_INCREMENT,
  `uid` varchar(30) CHARACTER SET utf8 NOT NULL,
  `optype` varchar(20) CHARACTER SET utf8 NOT NULL COMMENT '1：提现， 2：搜索， 3：排单币转账， 4：激活码转账',
  `opedid` varchar(200) CHARACTER SET utf8 NOT NULL COMMENT '被操作对象的id',
  `opremarks` varchar(500) CHARACTER SET utf8 DEFAULT NULL,
  `opdate` timestamp NOT NULL DEFAULT CURRENT_TIMESTAMP,
  PRIMARY KEY (`opid`)
) ENGINE=InnoDB AUTO_INCREMENT=86 DEFAULT CHARSET=latin1;

-- ----------------------------
-- Records of oprecord
-- ----------------------------
INSERT INTO `oprecord` VALUES ('23', '17135106727', '5', '18752992193', 'a1234567充值排单币: 5000', '2019-01-26 14:01:20');
INSERT INTO `oprecord` VALUES ('24', '17135106727', '6', '18752992193', 'a1234567充值激活码: 500', '2019-01-26 14:01:36');
INSERT INTO `oprecord` VALUES ('25', '17135106727', '6', '18802039776', 'YY0217充值激活码: 200', '2019-01-26 14:33:17');
INSERT INTO `oprecord` VALUES ('26', '17135106727', '6', '13998662263', 'tudoutiao充值激活码: 1000', '2019-01-26 14:46:28');
INSERT INTO `oprecord` VALUES ('27', '17135106727', '5', '13998662263', 'tudoutiao充值排单币: 100', '2019-01-26 14:54:34');
INSERT INTO `oprecord` VALUES ('28', '18802039776', '3', 'YY0218', '转10个激活码给：YY0218', '2019-01-26 15:00:42');
INSERT INTO `oprecord` VALUES ('29', '17135106727', '5', '13998662263', 'tudoutiao充值排单币: 500', '2019-01-26 15:02:13');
INSERT INTO `oprecord` VALUES ('30', '17135106727', '5', '18802039776', 'YY0217充值排单币: 150', '2019-01-26 15:09:54');
INSERT INTO `oprecord` VALUES ('31', '18802039776', '4', 'YY0218', '转50个排单币给：YY0218', '2019-01-26 15:26:00');
INSERT INTO `oprecord` VALUES ('32', '17135106727', '5', '15850108856', '15850108856充值排单币: 100', '2019-01-26 15:39:45');
INSERT INTO `oprecord` VALUES ('33', '17135106727', '6', '17615849160', 'YY001充值激活码: 200', '2019-01-26 15:41:10');
INSERT INTO `oprecord` VALUES ('34', '17615849160', '3', 'YY002', '转20个激活码给：YY002', '2019-01-26 15:42:03');
INSERT INTO `oprecord` VALUES ('35', '17135106727', '5', '18802039776', 'YY0217充值排单币: 200', '2019-01-26 15:53:57');
INSERT INTO `oprecord` VALUES ('36', '15291768654', '3', 'jyy521', '转10个激活码给：jyy521', '2019-01-26 15:54:57');
INSERT INTO `oprecord` VALUES ('37', '17135106727', '5', '18020303362', 'lalala充值排单币: 500', '2019-01-26 15:55:25');
INSERT INTO `oprecord` VALUES ('38', '17135106727', '6', '18020303362', 'lalala充值激活码: 50', '2019-01-26 15:56:01');
INSERT INTO `oprecord` VALUES ('39', '18802039776', '4', 'YY0218', '转60个排单币给：YY0218', '2019-01-26 16:15:50');
INSERT INTO `oprecord` VALUES ('40', '17135106727', '5', '17615849160', 'YY001充值排单币: 300', '2019-01-26 16:27:03');
INSERT INTO `oprecord` VALUES ('41', '17615849160', '4', 'YY002', '转50个排单币给：YY002', '2019-01-26 16:30:32');
INSERT INTO `oprecord` VALUES ('42', '17615849160', '4', 'YY004', '转50个排单币给：YY004', '2019-01-26 16:30:45');
INSERT INTO `oprecord` VALUES ('44', '17615849160', '4', 'YY005', '转50个排单币给：YY005', '2019-01-26 16:30:57');
INSERT INTO `oprecord` VALUES ('45', '17615849160', '4', 'YY006', '转50个排单币给：YY006', '2019-01-26 16:31:25');
INSERT INTO `oprecord` VALUES ('46', '17135106727', '5', '18336772423', 'wo97321充值排单币: 100', '2019-01-26 16:38:47');
INSERT INTO `oprecord` VALUES ('47', '13998662263', '4', 'a1234567', '转10个排单币给：a1234567', '2019-01-26 16:45:35');
INSERT INTO `oprecord` VALUES ('48', '13998662263', '4', 'a1234567', '转569个排单币给：a1234567', '2019-01-26 16:47:14');
INSERT INTO `oprecord` VALUES ('49', '18752992193', '4', 'tudoutiao', '转570个排单币给：tudoutiao', '2019-01-26 16:48:06');
INSERT INTO `oprecord` VALUES ('50', '15953735432', '3', 'xin116', '转1个激活码给：xin116', '2019-01-26 16:48:36');
INSERT INTO `oprecord` VALUES ('51', '17135106727', '5', '13777777777', 'YY007充值排单币: 50', '2019-01-26 16:48:53');
INSERT INTO `oprecord` VALUES ('52', '17135106727', '5', '15953735432', 'jyy521 充值排单币: 50', '2019-01-26 17:10:17');
INSERT INTO `oprecord` VALUES ('53', '17135106727', '5', '15965378719', 'jyy888充值排单币: 50', '2019-01-26 17:10:46');
INSERT INTO `oprecord` VALUES ('54', '17135106727', '5', '15166742152', 'jyy8888充值排单币: 50', '2019-01-26 17:10:57');
INSERT INTO `oprecord` VALUES ('55', '17135106727', '5', '15206711997', 'jyy88888充值排单币: 50', '2019-01-26 17:11:08');
INSERT INTO `oprecord` VALUES ('56', '17135106727', '5', '15821115372', 'xin116充值排单币: 50', '2019-01-26 17:25:41');
INSERT INTO `oprecord` VALUES ('57', '17135106727', '5', '18616062383', 'xin127充值排单币: 50', '2019-01-26 17:26:16');
INSERT INTO `oprecord` VALUES ('58', '17135106727', '5', '15061830891', 'YY123456充值排单币: 500', '2019-01-26 18:12:46');
INSERT INTO `oprecord` VALUES ('59', '17135106727', '5', '13921198856', 'cocolu充值排单币: 50', '2019-01-26 18:19:37');
INSERT INTO `oprecord` VALUES ('60', '17135106727', '5', '17071340069', 'sds123456充值排单币: 150', '2019-01-26 19:30:24');
INSERT INTO `oprecord` VALUES ('61', '15953735432', '3', 'cyn521', '转1个激活码给：cyn521', '2019-01-26 19:32:14');
INSERT INTO `oprecord` VALUES ('62', '15291768654', '3', 'zhizhi83', '转1个激活码给：zhizhi83', '2019-01-26 19:47:15');
INSERT INTO `oprecord` VALUES ('63', '17135106727', '5', '18852523388', 'youhaifei充值排单币: 300', '2019-01-26 20:02:11');
INSERT INTO `oprecord` VALUES ('64', '17135106727', '5', '15329551703', 'a252158充值排单币: 50', '2019-01-26 20:15:17');
INSERT INTO `oprecord` VALUES ('65', '17135106727', '5', '18356717513', 'dy2323充值排单币: 100', '2019-01-26 21:23:02');
INSERT INTO `oprecord` VALUES ('66', '15953735432', '3', 'LYB888', '转1个激活码给：LYB888', '2019-01-26 22:58:27');
INSERT INTO `oprecord` VALUES ('67', '13998662263', '4', 'kuaileshui', '转200个排单币给：kuaileshui', '2019-01-26 23:17:35');
INSERT INTO `oprecord` VALUES ('68', '17135106727', '5', '13071785105', '280007125充值排单币: 50', '2019-01-27 10:24:05');
INSERT INTO `oprecord` VALUES ('69', '17135106727', '5', '17709047471', 'zhizhi83充值排单币: 100', '2019-01-27 10:49:18');
INSERT INTO `oprecord` VALUES ('70', '17135106727', '5', '17709047471', 'zhizhi83充值排单币: 10', '2019-01-27 10:52:49');
INSERT INTO `oprecord` VALUES ('71', '17709047471', '4', 'laoshu83', '转51个排单币给：laoshu83', '2019-01-27 10:53:25');
INSERT INTO `oprecord` VALUES ('72', '17135106727', '5', '13639418259', 'cyn521充值排单币: 30', '2019-01-27 10:55:31');
INSERT INTO `oprecord` VALUES ('73', '17135106727', '5', '13094714482', 'ly666充值排单币: 30', '2019-01-27 10:55:51');
INSERT INTO `oprecord` VALUES ('77', '17135106727', '5', '15906029377', '1191939453充值排单币: 50', '2019-01-27 11:17:07');
INSERT INTO `oprecord` VALUES ('78', '17135106727', '5', '15110001279', '李木子充值排单币: 100', '2019-01-27 11:26:14');
INSERT INTO `oprecord` VALUES ('80', '17135106727', '5', '13365645100', 'wz2019充值排单币: 10', '2019-01-27 11:36:22');
INSERT INTO `oprecord` VALUES ('81', '17135106727', '5', '13365645100', 'wz2019充值排单币: 40', '2019-01-27 12:01:47');
INSERT INTO `oprecord` VALUES ('82', '17135106727', '5', '15755511770', 'hong充值排单币: 100', '2019-01-27 12:15:45');
INSERT INTO `oprecord` VALUES ('83', '17135106727', '5', '13739182075', 'sai充值排单币: 12', '2019-01-27 12:16:08');
INSERT INTO `oprecord` VALUES ('84', '17135106727', '5', '17512552723', 'sas充值排单币: 123', '2019-01-27 12:16:20');
INSERT INTO `oprecord` VALUES ('85', '17135106727', '5', '13739182075', 'sai充值排单币: 123', '2019-01-27 12:16:51');

-- ----------------------------
-- Table structure for `orderform`
-- ----------------------------
DROP TABLE IF EXISTS `orderform`;
CREATE TABLE `orderform` (
  `orderid` varchar(30) NOT NULL,
  `paidanid` varchar(30) NOT NULL,
  `buyerid` varchar(30) CHARACTER SET utf8 NOT NULL,
  `sellerid` varchar(30) CHARACTER SET utf8 NOT NULL,
  `principal` float(20,2) NOT NULL,
  `reward` float(20,2) DEFAULT '0.00',
  `secreward` float(20,2) DEFAULT '0.00' COMMENT '二级父代奖励',
  `thirdreward` float(20,2) DEFAULT '0.00' COMMENT '三级父代奖励',
  `orderstate` varchar(20) CHARACTER SET utf8 NOT NULL DEFAULT '1' COMMENT '1：未体现  2：已提现',
  `finishstate` varchar(20) CHARACTER SET utf8 NOT NULL DEFAULT '0' COMMENT '0：未打款，未收款， 1：已打款， 2：订单完成该订单是否完成（购买人打款，销售人确认收款）',
  `dkdate` varchar(50) CHARACTER SET utf8 DEFAULT NULL,
  `certificate` varchar(200) CHARACTER SET utf8 DEFAULT NULL,
  `txdate` varchar(50) CHARACTER SET utf8 DEFAULT NULL COMMENT '提现时间',
  `sktype` int(10) NOT NULL DEFAULT '0' COMMENT '0: 会员手动收款   1：系统自动收款',
  `shdate` varchar(50) CHARACTER SET utf8 DEFAULT NULL COMMENT '确认收货时间',
  `orderdate` timestamp NOT NULL DEFAULT CURRENT_TIMESTAMP,
  PRIMARY KEY (`orderid`)
) ENGINE=InnoDB DEFAULT CHARSET=latin1;

-- ----------------------------
-- Records of orderform
-- ----------------------------
INSERT INTO `orderform` VALUES ('JG046337', 'PD010513', '15110001279', '17135106727', '5000.00', '250.00', '150.00', '0.00', '1', '0', null, null, null, '0', null, '2019-01-27 12:01:03');
INSERT INTO `orderform` VALUES ('JG143025', 'PD141668', '18752992193', '17135106727', '3000.00', '0.00', '0.00', '0.00', '1', '2', '2019-01-26 14:11:29', '20190126/JG143025.png', null, '0', '2019-01-26 14:11:49', '2019-01-26 14:03:50');
INSERT INTO `orderform` VALUES ('JG154783', 'PD017320', '17615849160', '17135106727', '5000.00', '250.00', '150.00', '0.00', '1', '2', '2019-01-26 16:54:46', '20190126/JG154783.png', null, '0', '2019-01-26 17:12:56', '2019-01-26 16:52:27');
INSERT INTO `orderform` VALUES ('JG156539', 'PD141434', '13739182075', '15755511770', '3000.00', '100.00', '0.00', '0.00', '1', '2', '2019-01-27 04:19:46', '20190127/JG156539.jpg', null, '0', '2019-01-27 12:20:47', '2019-01-27 12:19:25');
INSERT INTO `orderform` VALUES ('JG296252', 'PD057654', '15291768654', '17135106727', '5000.00', '250.00', '150.00', '50.00', '1', '2', '2019-01-26 17:17:39', '20190126/JG296252.png', null, '0', '2019-01-26 17:18:41', '2019-01-26 17:16:02');
INSERT INTO `orderform` VALUES ('JG425313', 'PD131524', '17660409383', '17135106727', '5000.00', '250.00', '150.00', '50.00', '1', '2', '2019-01-27 10:28:23', '20190127/JG425313.png', null, '0', '2019-01-27 10:29:22', '2019-01-27 10:17:33');
INSERT INTO `orderform` VALUES ('JG427339', 'PD134174', '15555555555', '17135106727', '5000.00', '250.00', '150.00', '50.00', '1', '2', '2019-01-27 10:29:08', '20190127/JG427339.png', null, '0', '2019-01-27 10:29:27', '2019-01-27 10:17:53');
INSERT INTO `orderform` VALUES ('JG428335', 'PD136638', '13666666666', '17135106727', '5000.00', '250.00', '150.00', '50.00', '1', '2', '2019-01-27 10:29:35', '20190127/JG428335.png', null, '0', '2019-01-27 10:56:23', '2019-01-27 10:18:03');
INSERT INTO `orderform` VALUES ('JG429062', 'PD138876', '13777777777', '17135106727', '5000.00', '250.00', '150.00', '50.00', '1', '2', null, null, null, '0', '2019-01-27 10:29:36', '2019-01-27 10:18:10');
INSERT INTO `orderform` VALUES ('JG503474', 'PD091774', '18336772423', '17135106727', '3000.00', '150.00', '0.00', '0.00', '1', '2', '2019-01-27 10:44:56', '20190127/JG503474.android', null, '0', '2019-01-27 10:48:20', '2019-01-27 10:30:34');
INSERT INTO `orderform` VALUES ('JG504918', 'PD809989', '18356717513', '17135106727', '5000.00', '250.00', '0.00', '0.00', '1', '2', '2019-01-27 10:40:11', '20190127/JG504918.png', null, '0', '2019-01-27 10:42:00', '2019-01-27 10:30:49');
INSERT INTO `orderform` VALUES ('JG511356', 'PD298576', '18852523388', '17135106727', '5000.00', '250.00', '0.00', '0.00', '1', '2', '2019-01-27 10:53:36', '20190127/JG511356.png', null, '0', '2019-01-27 10:54:45', '2019-01-27 10:31:53');
INSERT INTO `orderform` VALUES ('JG583797', 'PD380058', '15953735432', '17135106727', '5000.00', '250.00', '150.00', '50.00', '1', '2', '2019-01-27 10:49:07', '20190127/JG583797.png', null, '0', '2019-01-27 10:58:53', '2019-01-27 10:43:58');
INSERT INTO `orderform` VALUES ('JG584777', 'PD455910', '15206711997', '17135106727', '5000.00', '250.00', '150.00', '50.00', '1', '2', '2019-01-27 10:53:23', '20190127/JG584777.png', null, '0', '2019-01-27 10:58:26', '2019-01-27 10:44:07');
INSERT INTO `orderform` VALUES ('JG585344', 'PD453896', '15166742152', '17135106727', '5000.00', '250.00', '150.00', '50.00', '1', '2', '2019-01-27 10:52:02', '20190127/JG585344.png', null, '0', '2019-01-27 10:58:32', '2019-01-27 10:44:13');
INSERT INTO `orderform` VALUES ('JG585998', 'PD451269', '15965378719', '17135106727', '5000.00', '250.00', '150.00', '50.00', '1', '2', '2019-01-27 10:50:41', '20190127/JG585998.png', null, '0', '2019-01-27 10:58:40', '2019-01-27 10:44:19');
INSERT INTO `orderform` VALUES ('JG588826', 'PD562719', '18802039776', '17135106727', '5000.00', '250.00', '0.00', '0.00', '1', '2', '2019-01-26 15:24:50', '20190126/JG588826.jpg', null, '0', '2019-01-26 16:23:51', '2019-01-26 15:18:08');
INSERT INTO `orderform` VALUES ('JG640820', 'PD480067', '13071785105', '17135106727', '5000.00', '250.00', '150.00', '50.00', '1', '2', '2019-01-27 11:32:30', '20190127/JG640820.jpg', null, '0', '2019-01-27 11:45:00', '2019-01-27 10:53:28');
INSERT INTO `orderform` VALUES ('JG642293', 'PD622791', '17709047471', '17135106727', '5000.00', '250.00', '150.00', '50.00', '1', '2', '2019-01-27 10:57:01', '20190127/JG642293.png', null, '0', '2019-01-27 10:58:20', '2019-01-27 10:53:42');
INSERT INTO `orderform` VALUES ('JG737892', 'PD406277', '15821115372', '17135106727', '5000.00', '250.00', '150.00', '50.00', '1', '2', '2019-01-27 11:29:19', '20190127/JG737892.jpg', null, '0', '2019-01-27 11:44:53', '2019-01-27 11:09:38');
INSERT INTO `orderform` VALUES ('JG789161', 'PD741016', '13639418259', '17135106727', '3000.00', '150.00', '90.00', '30.00', '1', '2', '2019-01-27 11:28:00', '20190127/JG789161.PNG', null, '0', '2019-01-27 11:42:42', '2019-01-27 11:18:11');
INSERT INTO `orderform` VALUES ('JG790164', 'PD782085', '13094714482', '17135106727', '3000.00', '150.00', '90.00', '30.00', '1', '2', '2019-01-27 11:34:10', '20190127/JG790164.PNG', null, '0', '2019-01-27 11:42:46', '2019-01-27 11:18:21');
INSERT INTO `orderform` VALUES ('JG821280', 'PD792458', '13778007471', '17135106727', '5000.00', '250.00', '150.00', '50.00', '1', '2', '2019-01-27 11:27:53', '20190127/JG821280.png', null, '0', '2019-01-27 11:45:48', '2019-01-27 11:23:32');
INSERT INTO `orderform` VALUES ('JG850198', 'PD639594', '15995564342', '17135106727', '5000.00', '250.00', '150.00', '0.00', '1', '2', '2019-01-26 16:15:14', '20190126/JG850198.jpg', null, '0', '2019-01-26 16:23:32', '2019-01-26 16:01:41');
INSERT INTO `orderform` VALUES ('JG871333', 'PD550150', '13998662263', '17135106727', '2000.00', '100.00', '0.00', '0.00', '1', '2', '2019-01-27 11:36:28', '20190127/JG871333.jpg', null, '0', '2019-01-27 11:43:07', '2019-01-27 11:31:53');
INSERT INTO `orderform` VALUES ('JG877342', 'PD722844', '15850108856', '17135106727', '5000.00', '250.00', '0.00', '0.00', '1', '2', '2019-01-26 16:11:56', '20190126/JG877342.eg', null, '0', '2019-01-26 16:23:27', '2019-01-26 16:06:13');
INSERT INTO `orderform` VALUES ('JG886765', 'PD408616', '18616062383', '17135106727', '5000.00', '250.00', '150.00', '50.00', '1', '2', '2019-01-27 11:58:49', '20190127/JG886765.jpg', null, '0', '2019-01-27 12:03:44', '2019-01-27 11:34:27');

-- ----------------------------
-- Table structure for `paidan`
-- ----------------------------
DROP TABLE IF EXISTS `paidan`;
CREATE TABLE `paidan` (
  `pdid` varchar(30) CHARACTER SET utf8 NOT NULL,
  `pdamount` int(20) NOT NULL COMMENT '记录订单最初需求',
  `needamount` int(20) NOT NULL COMMENT '初始值与排单金额相同',
  `pduid` varchar(30) CHARACTER SET utf8 NOT NULL,
  `pdstate` int(1) NOT NULL DEFAULT '1' COMMENT 'state：1表示当前排单可进行， 0 表示当前排单正在被操作',
  `pddate` timestamp NOT NULL DEFAULT CURRENT_TIMESTAMP ON UPDATE CURRENT_TIMESTAMP,
  `version` varchar(30) CHARACTER SET utf8 NOT NULL DEFAULT '1' COMMENT '判断是否被更改',
  PRIMARY KEY (`pdid`)
) ENGINE=InnoDB DEFAULT CHARSET=latin1;

-- ----------------------------
-- Records of paidan
-- ----------------------------
INSERT INTO `paidan` VALUES ('PD010513', '5000', '0', '15110001279', '1', '2019-01-27 12:01:03', '2');
INSERT INTO `paidan` VALUES ('PD017320', '5000', '0', '17615849160', '1', '2019-01-26 16:52:27', '2');
INSERT INTO `paidan` VALUES ('PD054458', '5000', '5000', '13365645100', '1', '2019-01-27 12:02:24', '1');
INSERT INTO `paidan` VALUES ('PD057654', '5000', '0', '15291768654', '1', '2019-01-26 17:16:02', '2');
INSERT INTO `paidan` VALUES ('PD091774', '3000', '0', '18336772423', '1', '2019-01-27 10:30:34', '2');
INSERT INTO `paidan` VALUES ('PD108193', '5000', '5000', '17071340069', '1', '2019-01-26 19:31:21', '1');
INSERT INTO `paidan` VALUES ('PD131524', '5000', '0', '17660409383', '1', '2019-01-27 10:17:33', '2');
INSERT INTO `paidan` VALUES ('PD134174', '5000', '0', '15555555555', '1', '2019-01-27 10:17:53', '2');
INSERT INTO `paidan` VALUES ('PD134973', '3000', '3000', '15755511770', '1', '2019-01-27 12:15:49', '1');
INSERT INTO `paidan` VALUES ('PD136638', '5000', '0', '13666666666', '1', '2019-01-27 10:18:03', '2');
INSERT INTO `paidan` VALUES ('PD138876', '5000', '0', '13777777777', '1', '2019-01-27 10:18:10', '2');
INSERT INTO `paidan` VALUES ('PD139034', '2000', '2000', '17512552723', '1', '2019-01-27 12:16:30', '1');
INSERT INTO `paidan` VALUES ('PD141434', '4000', '1000', '13739182075', '1', '2019-01-27 12:19:25', '2');
INSERT INTO `paidan` VALUES ('PD141668', '3000', '0', '18752992193', '1', '2019-01-26 14:03:50', '2');
INSERT INTO `paidan` VALUES ('PD179715', '5000', '5000', '18752992193', '1', '2019-01-26 14:09:57', '1');
INSERT INTO `paidan` VALUES ('PD298576', '5000', '0', '18852523388', '1', '2019-01-27 10:31:53', '2');
INSERT INTO `paidan` VALUES ('PD380058', '5000', '0', '15953735432', '1', '2019-01-27 10:43:58', '2');
INSERT INTO `paidan` VALUES ('PD400121', '3000', '3000', '15329551703', '1', '2019-01-26 20:20:01', '1');
INSERT INTO `paidan` VALUES ('PD406277', '5000', '0', '15821115372', '1', '2019-01-27 11:09:38', '2');
INSERT INTO `paidan` VALUES ('PD408616', '5000', '0', '18616062383', '1', '2019-01-27 11:34:27', '2');
INSERT INTO `paidan` VALUES ('PD409995', '2000', '2000', '13037201601', '1', '2019-01-27 10:14:59', '1');
INSERT INTO `paidan` VALUES ('PD451269', '5000', '0', '15965378719', '1', '2019-01-27 10:44:19', '2');
INSERT INTO `paidan` VALUES ('PD453896', '5000', '0', '15166742152', '1', '2019-01-27 10:44:13', '2');
INSERT INTO `paidan` VALUES ('PD455910', '5000', '0', '15206711997', '1', '2019-01-27 10:44:07', '2');
INSERT INTO `paidan` VALUES ('PD480067', '5000', '0', '13071785105', '1', '2019-01-27 10:53:28', '2');
INSERT INTO `paidan` VALUES ('PD550150', '2000', '0', '13998662263', '1', '2019-01-27 11:31:53', '2');
INSERT INTO `paidan` VALUES ('PD562719', '5000', '0', '18802039776', '1', '2019-01-26 15:18:08', '2');
INSERT INTO `paidan` VALUES ('PD597148', '5000', '5000', '18356717513', '1', '2019-01-27 10:46:11', '1');
INSERT INTO `paidan` VALUES ('PD622791', '5000', '0', '17709047471', '1', '2019-01-27 10:53:42', '2');
INSERT INTO `paidan` VALUES ('PD639594', '5000', '0', '15995564342', '1', '2019-01-26 16:01:41', '2');
INSERT INTO `paidan` VALUES ('PD643929', '5000', '5000', '15061830891', '1', '2019-01-26 18:13:59', '1');
INSERT INTO `paidan` VALUES ('PD687166', '5000', '5000', '13921198856', '1', '2019-01-26 18:21:11', '1');
INSERT INTO `paidan` VALUES ('PD692987', '3000', '3000', '18336772423', '1', '2019-01-27 11:02:09', '1');
INSERT INTO `paidan` VALUES ('PD722844', '5000', '0', '15850108856', '1', '2019-01-26 16:06:13', '2');
INSERT INTO `paidan` VALUES ('PD741016', '3000', '0', '13639418259', '1', '2019-01-27 11:18:11', '2');
INSERT INTO `paidan` VALUES ('PD782085', '3000', '0', '13094714482', '1', '2019-01-27 11:18:21', '2');
INSERT INTO `paidan` VALUES ('PD792458', '5000', '0', '13778007471', '1', '2019-01-27 11:23:32', '2');
INSERT INTO `paidan` VALUES ('PD809989', '5000', '0', '18356717513', '1', '2019-01-27 10:30:49', '2');
INSERT INTO `paidan` VALUES ('PD827152', '6000', '6000', '18802039776', '1', '2019-01-26 15:57:51', '1');
INSERT INTO `paidan` VALUES ('PD849081', '3000', '3000', '15906029377', '1', '2019-01-27 11:28:10', '1');
INSERT INTO `paidan` VALUES ('PD932136', '5000', '5000', '15850108856', '1', '2019-01-26 16:15:21', '1');
INSERT INTO `paidan` VALUES ('PD938027', '6000', '6000', '15995564342', '1', '2019-01-26 16:16:20', '1');

-- ----------------------------
-- Table structure for `setting`
-- ----------------------------
DROP TABLE IF EXISTS `setting`;
CREATE TABLE `setting` (
  `id` int(11) NOT NULL AUTO_INCREMENT,
  `bestpdamount` int(30) NOT NULL,
  `randpdamount` int(30) NOT NULL,
  `wechat` varchar(100) NOT NULL,
  PRIMARY KEY (`id`)
) ENGINE=MyISAM AUTO_INCREMENT=2 DEFAULT CHARSET=utf8;

-- ----------------------------
-- Records of setting
-- ----------------------------
INSERT INTO `setting` VALUES ('1', '30', '5', 'yyzj13148888');

-- ----------------------------
-- Table structure for `user`
-- ----------------------------
DROP TABLE IF EXISTS `user`;
CREATE TABLE `user` (
  `uid` varchar(30) CHARACTER SET utf8 NOT NULL,
  `uname` varchar(50) CHARACTER SET utf8 NOT NULL,
  `upw` varchar(200) CHARACTER SET utf8 NOT NULL,
  `principal` float(20,2) DEFAULT '0.00',
  `bonus` float(20,2) DEFAULT '0.00',
  `parentid` varchar(30) CHARACTER SET utf8 DEFAULT NULL,
  `parentname` varchar(100) CHARACTER SET utf8 DEFAULT NULL,
  `parenttree` varchar(100) CHARACTER SET utf8 DEFAULT NULL,
  `stars` int(20) DEFAULT '5',
  `paidancoin` int(20) NOT NULL DEFAULT '0',
  `activecode` int(20) NOT NULL DEFAULT '0',
  `bank` varchar(50) CHARACTER SET utf8 DEFAULT NULL,
  `subbank` varchar(100) CHARACTER SET utf8 DEFAULT NULL,
  `banknumber` varchar(30) CHARACTER SET utf8 DEFAULT NULL,
  `alipay` varchar(100) CHARACTER SET utf8 DEFAULT NULL,
  `ownername` varchar(50) CHARACTER SET utf8 DEFAULT NULL,
  `state` varchar(10) DEFAULT '0' COMMENT '0：账号未激活 ； 1：账号已激活； 2：账号冻结',
  `regdate` timestamp NULL DEFAULT CURRENT_TIMESTAMP,
  `version` varchar(100) CHARACTER SET utf8 NOT NULL DEFAULT '1',
  `loginstate` varchar(50) CHARACTER SET utf8 NOT NULL DEFAULT '0',
  PRIMARY KEY (`uid`)
) ENGINE=InnoDB DEFAULT CHARSET=latin1;

-- ----------------------------
-- Records of user
-- ----------------------------
INSERT INTO `user` VALUES ('13008643197', 'yuzhiwen1996', '5235702E0238C012699D19E1E331711B', '0.00', '0.00', '15291768654', 'YY002', '15291768654/17615849160/18802039776/18752992193/', '5', '0', '0', '农业银行', '铜川支行', '6228480238689240675', '13008643197', '于志伟', '0', '2019-01-27 10:09:57', '1', '0');
INSERT INTO `user` VALUES ('13037201601', 'kuaileshui', 'CAF6E16A62E5999F9D0BEC70ADEEC24F', '0.00', '0.00', '13998662263', 'tudoutiao', '13998662263/18752992193/', '5', '180', '0', '建设银行', '中国建设银行大连市分行普兰店支行', '6217000780024365901', '11021103', '吕冰洁', '1', '2019-01-26 23:09:25', '1', 'kuaileshui1548560533982');
INSERT INTO `user` VALUES ('13071785105', '280007125', '788E64BE1459E01A6BF7556708004BD1', '0.00', '0.00', '15291768654', 'YY002', '15291768654/17615849160/18802039776/18752992193/', '6', '0', '0', '工商银行', '平顶山鹰支行', '6212261707007017139', '13071783335', '铁新', '1', '2019-01-26 16:24:25', '1', '2800071251548561869657');
INSERT INTO `user` VALUES ('13088498770', 'qaz121212', '8DB65BB3B636B36E39F6C377F8361106', '0.00', '0.00', '15291768654', 'YY002', '15291768654/17615849160/18802039776/18752992193/', '5', '0', '0', '兴业银行', '万达广场支行', '622908373015451219', '13088498770', '朱晓丽', '0', '2019-01-27 10:13:59', '1', '0');
INSERT INTO `user` VALUES ('13094714482', 'ly666', 'B8011E0638760BAF83C08807D1B57D91', '0.00', '0.00', '13639418259', 'cyn521', '13639418259/15965378719/15953735432/15291768654/17615849160/18802039776/18752992193/', '6', '0', '0', '建设银行', '建设支行', '6236668210001257983', '13639418259', '蔡亚男', '1', '2019-01-26 20:10:41', '1', 'ly6661548560032271');
INSERT INTO `user` VALUES ('13247527226', 'wyzq', '28DC7A7F6B67678C9CC819B146C4F5BF', '0.00', '0.00', '15995564342', 'YY0218', '15995564342/18802039776/18752992193/', '5', '0', '0', '工商银行', '工行', '6222021602009922511', '15054184203', '孙丽丽', '1', '2019-01-27 11:21:08', '1', '0');
INSERT INTO `user` VALUES ('13365645100', 'wz2019', '1F4B55DE9D22237C6239D562812A5A5C', '0.00', '0.00', '15995564342', 'YY0218', '15995564342/18802039776/18752992193/', '5', '0', '0', '农业银行', '六安腾达支行', '6228482590072541814', '1752116158@qq.com', '汪家虎', '1', '2019-01-26 19:46:20', '1', 'wz20191548560977373');
INSERT INTO `user` VALUES ('13382637786', 'abc7786', 'F8ED85204398BAAF399341C8B06AC4D0', '0.00', '0.00', '13813901216', 'lzy1216', '13813901216/15995564342/18802039776/18752992193/', '5', '0', '0', '招商银行', '城北支行', '6225881253080328', '', '程芹', '1', '2019-01-27 10:26:10', '1', 'abc77861548559567640');
INSERT INTO `user` VALUES ('13580525960', 'bakylee', '8A9335B37CA22614149ECF0A41428222', '0.00', '0.00', '15995564342', 'YY0218', '15995564342/18802039776/18752992193/', '5', '0', '0', '中国银行', '中信广场支行', '6216611900019419751', '13580525960', '李蓓蓓', '1', '2019-01-27 09:49:00', '1', 'bakylee1548558059135');
INSERT INTO `user` VALUES ('13639418259', 'cyn521', 'BB2DD6F27F1E272B32F8835F0CBD19E0', '0.00', '0.00', '15965378719', 'jyy888', '15965378719/15953735432/15291768654/17615849160/18802039776/18752992193/', '6', '0', '0', '建设银行', '建行支行', '6236682210001257983', '13639418259', '蔡亚男', '1', '2019-01-26 17:31:02', '1', 'cyn521 1548559651768');
INSERT INTO `user` VALUES ('13655226203', 'gerui88', 'A0E702E6BCEB5323F0FD98B45C7BA0B1', '0.00', '0.00', '15995564342', 'YY0218', '15995564342/18802039776/18752992193/', '5', '0', '0', '工商银行', '新沂市工商银行', '6215581106001059971', '13655226203', '葛瑞', '1', '2019-01-26 19:34:50', '1', 'gerui881548561658798');
INSERT INTO `user` VALUES ('13666666666', 'YY006', '763B20B58EB90E0249BD87263FFA66DE', '0.00', '0.00', '17615849160', 'YY001', '17615849160/18802039776/18752992193/', '6', '0', '0', '招商银行', '山东支行的', '6214835374029765', '17615849160', '朱嘉明', '1', '2019-01-26 16:09:42', '1', 'YY0061548556242834');
INSERT INTO `user` VALUES ('13696655225', 'ctt1207', 'A93DD787B9EF564C0E86C1AD604E60F0', '0.00', '0.00', '15291768654', 'YY002', '15291768654/17615849160/18802039776/18752992193/', '5', '0', '0', '交通银行', '曲江支行', '4518231080688466', '13696655225', '吴佳怡', '0', '2019-01-27 10:07:39', '1', '0');
INSERT INTO `user` VALUES ('13739182075', 'sai', 'F411C5EF885D88A39AAFFA989519809A', '0.00', '0.00', '17512552723', 'sas', '17512552723/15755511770/', '6', '95', '0', '光大银行', 'EWQEWQ', '6222620200011987245', '', 'SAI', '1', '2019-01-27 12:15:03', '1', 'sai1548562776008');
INSERT INTO `user` VALUES ('13777777777', 'YY007', '763B20B58EB90E0249BD87263FFA66DE', '0.00', '0.00', '17615849160', 'YY001', '17615849160/18802039776/18752992193/', '5', '0', '0', '招商银行', '安徽支行', '6214835374029765', '17615849160', '朱嘉明', '1', '2019-01-26 16:12:02', '1', 'YY0071548556213061');
INSERT INTO `user` VALUES ('13778007471', 'laoshu83', '79147C4DD9448D6F6C6BF73606E412EC', '0.00', '0.00', '17709047471', 'zhizhi83', '17709047471/15291768654/17615849160/18802039776/18752992193/', '6', '1', '0', '农业银行', '四川绵阳', '6228480489147440072', 'liangxueqin@vip.sina.com', '梁雪琴', '1', '2019-01-26 19:51:25', '1', 'laoshu831548559115283');
INSERT INTO `user` VALUES ('13813901216', 'lzy1216', 'F8ED85204398BAAF399341C8B06AC4D0', '0.00', '0.00', '15995564342', 'YY0218', '15995564342/18802039776/18752992193/', '5', '0', '0', '招商银行', '南昌路支行', '6214832507204068', '13813901216', '李兆燕', '1', '2019-01-26 18:08:06', '1', 'lzy12161548555865172');
INSERT INTO `user` VALUES ('13830804418', 'L666', 'F21FC0CA19C88108E0A2B300BB789AED', '0.00', '0.00', '15292617725', 'LYB888', '15292617725/15953735432/15291768654/17615849160/18802039776/18752992193/', '5', '0', '0', '工商银行', '中国江苏省盐城市双元路支行', '6222021109006472698', '15292617725', '李斌', '1', '2019-01-26 22:52:52', '1', '0');
INSERT INTO `user` VALUES ('13888888888', 'YY008', '763B20B58EB90E0249BD87263FFA66DE', '0.00', '0.00', '15291768654', 'YY002', '15291768654/17615849160/18802039776/18752992193/', '5', '0', '0', '招商银行', '福建泉州', '6212760170935431', '54545454545', '高富帅', '0', '2019-01-26 17:03:46', '1', '0');
INSERT INTO `user` VALUES ('13921198856', 'cocolu', '0D9BFF0EC83B0F8142CD897539CB2137', '0.00', '0.00', '18752992193', 'a1234567', '18752992193/', '5', '0', '0', '中国银行', '无锡北塘支行', '6013826102040854625', '549061608@qq.com', '陆冬梅', '1', '2019-01-26 18:12:59', '1', 'cocolu1548554967494');
INSERT INTO `user` VALUES ('13956382280', 'qq170617', 'C452C56BC1AB8B8541CAEF78CF484F91', '0.00', '0.00', '15995564342', 'YY0218', '15995564342/18802039776/18752992193/', '5', '0', '0', '建设银行', '望淮塔支行', '4367421640690010072', '13956382280', '何玲玲', '1', '2019-01-26 22:11:35', '1', 'qq1706171548554022995');
INSERT INTO `user` VALUES ('13998662263', 'tudoutiao', 'CAF6E16A62E5999F9D0BEC70ADEEC24F', '0.00', '0.00', '18752992193', 'a1234567', '18752992193/', '6', '371', '999', '建设银行', '中国建设银行南昌市分行前湖支行', '6217002020037037199', '000000', '吕冰洁', '1', '2019-01-26 14:31:37', '1', 'tudoutiao1548560591885');
INSERT INTO `user` VALUES ('15061830891', 'YY123456', 'F1F612BC024F1AAA6DBD51DAB865A78E', '0.00', '0.00', '18752992193', 'a1234567', '18752992193/', '5', '450', '0', '农业银行', '罗平', '6230520400006002174', '23232323', '董玉英', '1', '2019-01-26 18:11:45', '1', 'YY1234561548497618766');
INSERT INTO `user` VALUES ('15069700312', '15069700312', '2062AB4D1E92961C4D2EE11753FA6A22', '0.00', '0.00', '18802039776', 'YY0217', '18802039776/18752992193/', '5', '0', '0', '邮政储蓄', '山东省济宁市汶上县义桥支行', '6217994610021190341', '15069700312', '程新政', '0', '2019-01-26 18:03:16', '1', '0');
INSERT INTO `user` VALUES ('15110001279', '李木子', '5AA7E1859A2500D91128A1DDCBD2D9EC', '0.00', '0.00', '18802039776', 'YY0217', '18802039776/18752992193/', '5', '50', '0', '建设银行', '杨庄支行', '6227000010340186214', '15110001279', '李木子', '1', '2019-01-26 17:23:44', '1', '李木子1548561389343');
INSERT INTO `user` VALUES ('15154705991', 'q369', 'F7FE36B16B73788F1F19E84EB44D3BCD', '0.00', '0.00', '15154711273', 'QQ336699', '15154711273/15291768654/17615849160/18802039776/18752992193/', '5', '0', '0', '邮政储蓄', '中国邮政储蓄银行', '6210984610010320450', '888888', '李丹丹', '0', '2019-01-26 23:11:09', '1', '0');
INSERT INTO `user` VALUES ('15154711273', 'QQ336699', 'F7FE36B16B73788F1F19E84EB44D3BCD', '0.00', '0.00', '15291768654', 'YY002', '15291768654/17615849160/18802039776/18752992193/', '5', '0', '0', '农业银行', '中国农业银行', '6228481339076207670', '123456', '杨兰姣', '1', '2019-01-26 22:52:53', '1', 'QQ3366991548514901754');
INSERT INTO `user` VALUES ('15166742152', 'jyy8888', '88F4E5C592203CC4C57A52E0BE680885', '0.00', '0.00', '15953735432', 'jyy521', '15953735432/15291768654/17615849160/18802039776/18752992193/', '6', '0', '0', '工商银行', '济宁支行', '6212261608005972319', '15953735432', '姜元勇', '1', '2019-01-26 16:43:12', '1', 'jyy88881548560796682');
INSERT INTO `user` VALUES ('15206711997', 'jyy88888', '88F4E5C592203CC4C57A52E0BE680885', '0.00', '0.00', '15953735432', 'jyy521', '15953735432/15291768654/17615849160/18802039776/18752992193/', '6', '0', '0', '平安信用', '济宁支行', '6230580000175390835', '15953735432', '姜元勇', '1', '2019-01-26 16:45:23', '1', 'jyy888881548560821113');
INSERT INTO `user` VALUES ('15291768654', 'YY002', '763B20B58EB90E0249BD87263FFA66DE', '0.00', '0.00', '17615849160', 'YY001', '17615849160/18802039776/18752992193/', '6', '0', '5', '招商银行', '山东支行', '6214835374029765', '17615849160', '朱嘉明', '1', '2019-01-26 15:38:05', '1', 'YY0021548562066879');
INSERT INTO `user` VALUES ('15292617725', 'LYB888', 'F21FC0CA19C88108E0A2B300BB789AED', '0.00', '0.00', '15953735432', 'jyy521', '15953735432/15291768654/17615849160/18802039776/18752992193/', '5', '0', '0', '农业银行', '武汉汉水桥分理处', '6228480059429116078', '398114327@qq.com', '李亚斌', '1', '2019-01-26 21:41:01', '1', 'LYB8881548562133367');
INSERT INTO `user` VALUES ('15329551703', 'a252158', '9E37D0B15010FE03EA92548BD4E39005', '0.00', '0.00', '18752992193', 'a1234567', '18752992193/', '5', '20', '0', '农业银行', '贵州丹寨支行', '6228481198197965370', '915054115@qq.com', '陆秋叶', '1', '2019-01-26 20:05:22', '1', 'a2521581548505188753');
INSERT INTO `user` VALUES ('15555555555', 'YY005', '763B20B58EB90E0249BD87263FFA66DE', '0.00', '0.00', '17615849160', 'YY001', '17615849160/18802039776/18752992193/', '6', '0', '0', '招商银行', '陕西西安', '6214835374029765', '17615849160', '朱嘉明', '1', '2019-01-26 16:07:41', '1', 'YY0051548556279723');
INSERT INTO `user` VALUES ('15565359686', '19891220', '18815E22C4D1BF09EB52B7610DBAB10A', '0.00', '0.00', '15291768654', 'YY002', '15291768654/17615849160/18802039776/18752992193/', '5', '0', '0', '中信银行', '红旗路支行', '6226890165728428', '15565359686', '彭云', '0', '2019-01-27 10:11:59', '1', '0');
INSERT INTO `user` VALUES ('15755511770', 'hong', 'F411C5EF885D88A39AAFFA989519809A', '997000.00', '0.00', '', '', '', '5', '70', '0', '邮政储蓄', 'dwd', '6222620210019587145', '', 'zhu', '1', '2019-01-27 12:12:03', '1', 'hong1548562803546');
INSERT INTO `user` VALUES ('15821115372', 'xin116', '224C1B09F6F4D222DEA85BEA8BB76A3C', '0.00', '0.00', '15953735432', 'jyy521', '15953735432/15291768654/17615849160/18802039776/18752992193/', '6', '0', '0', '工商银行', '上海环球金融中心支行', '6222081001008141370', 'xinming127@hotmail.com', '朴心明', '1', '2019-01-26 16:03:24', '1', 'xin1161548562140658');
INSERT INTO `user` VALUES ('15850108856', '15850108856', 'F1F612BC024F1AAA6DBD51DAB865A78E', '0.00', '0.00', '18752992193', 'a1234567', '18752992193/', '6', '0', '0', '工商银行', '苏州支行', '6222021102052347005', '15850108856', '邢志远', '1', '2019-01-26 14:41:45', '1', '158501088561548491414670');
INSERT INTO `user` VALUES ('15906029377', '1191939453', 'BE7CF0F1E38BCFB32901D99CDF1618CA', '0.00', '0.00', '15995564342', 'YY0218', '15995564342/18802039776/18752992193/', '5', '20', '0', '建设银行', '中国建设银行', '6217001830024488218', '270436471@qq.com', '顾美珊', '1', '2019-01-26 23:34:23', '1', '11919394531548561595517');
INSERT INTO `user` VALUES ('15953735432', 'jyy521 ', '88F4E5C592203CC4C57A52E0BE680885', '0.00', '0.00', '15291768654', 'YY002', '15291768654/17615849160/18802039776/18752992193/', '6', '0', '1', '中国银行', '济宁任城支行', '6217856000080909236', '15953735432', '姜元勇', '1', '2019-01-26 15:50:01', '1', 'jyy5211548561481206');
INSERT INTO `user` VALUES ('15965378719', 'jyy888', '88F4E5C592203CC4C57A52E0BE680885', '0.00', '0.00', '15953735432', 'jyy521', '15953735432/15291768654/17615849160/18802039776/18752992193/', '6', '0', '0', '工商银行', '济宁龙行支行', '6212261608009829911', '15965378719', '胡慧', '1', '2019-01-26 16:00:51', '1', 'jyy8881548560774342');
INSERT INTO `user` VALUES ('15995564342', 'YY0218', '9A903B5AA16154E97B673AAEE970ADB4', '0.00', '0.00', '18802039776', 'YY0217', '18802039776/18752992193/', '6', '0', '7', '农业银行', '松陵支行', '6228270331230514377', '15995564342', '包乌日娜', '1', '2019-01-26 14:59:55', '1', 'YY02181548557126527');
INSERT INTO `user` VALUES ('17071340069', 'sds123456', '63DD27E5C38A4A50531269DB3B281294', '0.00', '0.00', '18802039776', 'YY0217', '18802039776/18752992193/', '5', '100', '0', '兴业银行', '上海松江支行', '622908211677766419', '17071340069', '孙代顺', '1', '2019-01-26 18:47:21', '1', 'sds1234561548555641793');
INSERT INTO `user` VALUES ('17135106727', '金昱', '9E72CF83580289F4327725EC811DA7B4', '-139000.00', '0.00', null, '', null, '5', '0', '0', '农业银行', '', '6230520400006002372', '', '潘化北', 'manager', '2019-01-19 12:38:53', '1', '0');
INSERT INTO `user` VALUES ('17512552723', 'sas', 'F411C5EF885D88A39AAFFA989519809A', '0.00', '0.00', '15755511770', 'hong', '15755511770/', '5', '103', '0', '光大银行', 'ew', '6217001700001110509', '', 'saisaizhu', '1', '2019-01-27 12:14:21', '1', 'sas1548562866458');
INSERT INTO `user` VALUES ('17615849160', 'YY001', '763B20B58EB90E0249BD87263FFA66DE', '0.00', '0.00', '18802039776', 'YY0217', '18802039776/18752992193/', '6', '50', '175', '中国银行', '支行', '6217856000084307809', '17615849160', '王连菊', '1', '2019-01-26 15:28:26', '1', 'YY0011548560179373');
INSERT INTO `user` VALUES ('17660409383', 'YY004', '763B20B58EB90E0249BD87263FFA66DE', '0.00', '0.00', '17615849160', 'YY001', '17615849160/18802039776/18752992193/', '6', '0', '0', '招商银行', '山东济南', '6214835374029765', '17615849160', '朱嘉明 ', '1', '2019-01-26 16:01:40', '1', 'YY0041548556298187');
INSERT INTO `user` VALUES ('17709047471', 'zhizhi83', '79147C4DD9448D6F6C6BF73606E412EC', '0.00', '0.00', '15291768654', 'YY002', '15291768654/17615849160/18802039776/18752992193/', '6', '9', '0', '农业银行', '绵阳跃进路支行', '6228480489656814675', '17709047471', '李永隆', '1', '2019-01-26 17:13:07', '1', 'zhizhi831548557701178');
INSERT INTO `user` VALUES ('17802636534', 'caoyazhou', 'A0E702E6BCEB5323F0FD98B45C7BA0B1', '0.00', '0.00', '13655226203', 'gerui88', '13655226203/15995564342/18802039776/18752992193/', '5', '0', '0', '农业银行', '新沂农业银行', '6228480459893441277', '17802636534', '曹亚洲', '0', '2019-01-27 12:02:36', '1', '0');
INSERT INTO `user` VALUES ('18005340870', 'fafa123', '7699DE307A047788E72341E9D6CF105A', '0.00', '0.00', '17071340069', 'sds123456', '17071340069/18802039776/18752992193/', '5', '0', '0', '建设银行', '德州东城', '6217002270003551380', '18005340870', '齐倩倩', '0', '2019-01-26 21:10:24', '1', '0');
INSERT INTO `user` VALUES ('18020303362', 'lalala', '66BFABEC208B314853D033DA62E53754', '0.00', '0.00', '18752992193', 'a1234567', '18752992193/', '5', '500', '50', '建设银行', '锡山迎宾支行', '4340611240455613', '18020303362', '施春雷', '1', '2019-01-26 15:53:06', '1', 'lalala1548489426965');
INSERT INTO `user` VALUES ('18060198137', '191939453', 'BE7CF0F1E38BCFB32901D99CDF1618CA', '0.00', '0.00', '15906029377', '1191939453', '15906029377/15995564342/18802039776/18752992193/', '5', '0', '0', '中国银行', '中国银行', '6216696400000112075', '', '顾美珊', '1', '2019-01-27 10:56:10', '1', '1919394531548559287798');
INSERT INTO `user` VALUES ('18336772423', 'wo97321', '45233F07C0FFD88AD0FD1013E388F3FF', '0.00', '0.00', '18752992193', 'a1234567', '18752992193/', '6', '40', '0', '农业银行', '洛阳市孟津县白鹤支行', '6228480738459029174', '支付宝', '季晓辉', '1', '2019-01-26 16:22:55', '1', 'wo973211548558110596');
INSERT INTO `user` VALUES ('18356717513', 'dy2323', '649946432FA84AAFD460C4C9C6183A5D', '0.00', '0.00', '18752992193', 'a1234567', '18752992193/', '6', '0', '0', '农业银行', '城南支行', '6228484079210346672', '12345678910', '邢志华', '1', '2019-01-26 21:04:05', '1', 'dy23231548557456708');
INSERT INTO `user` VALUES ('18410161202', 'VAN', 'A0A7F0547C241E7C66DD42B176BC7242', '0.00', '0.00', '18752992193', 'a1234567', '18752992193/', '5', '0', '0', '建设银行', '旧宫支行', '6222800012511018229', '18410161202', '范博', '2', '2019-01-26 15:25:42', '1', '0');
INSERT INTO `user` VALUES ('18616062383', 'xin127', '224C1B09F6F4D222DEA85BEA8BB76A3C', '0.00', '0.00', '15821115372', 'xin116', '15821115372/15953735432/15291768654/17615849160/18802039776/18752992193/', '6', '0', '0', '浦发银行', '浦发银行', '6217920152184292', 'xinming127@hotmail.com', '朴心明', '1', '2019-01-26 16:46:33', '1', 'xin1271548561221594');
INSERT INTO `user` VALUES ('18752992193', 'a1234567', 'F1F612BC024F1AAA6DBD51DAB865A78E', '0.00', '0.00', '', '', '', '6', '4929', '498', '农业银行', '祝塘支行', '6228480435341938379', '', '潘志华', '1', '2019-01-26 13:59:22', '1', 'a12345671548561876266');
INSERT INTO `user` VALUES ('18802039776', 'YY0217', '9A903B5AA16154E97B673AAEE970ADB4', '0.00', '0.00', '18752992193', 'a1234567', '18752992193/', '6', '130', '181', '建设银行', '牛山支行', '6236681420018371419', '251819480@qq.com', '包乌日娜', '1', '2019-01-26 14:28:27', '1', 'YY02171548559426013');
INSERT INTO `user` VALUES ('18852523388', 'youhaifei', 'CA7B49EB0528ED81C1A1DAF7C8FA7EE3', '0.00', '0.00', '18752992193', 'a1234567', '18752992193/', '6', '250', '0', '农业银行', '城区支行', '6228480449317161973', '136992217@qq.com', '陈雨峰', '1', '2019-01-26 19:03:59', '1', 'youhaifei1548560001211');

-- ----------------------------
-- Procedure structure for `update_orderform`
-- ----------------------------
DROP PROCEDURE IF EXISTS `update_orderform`;
DELIMITER ;;
CREATE DEFINER=`root`@`localhost` PROCEDURE `update_orderform`()
UPDATE orderform set finishstate=finishstate+1
;
;;
DELIMITER ;

-- ----------------------------
-- Event structure for `auto_confirm_sk`
-- ----------------------------
DROP EVENT IF EXISTS `auto_confirm_sk`;
DELIMITER ;;
CREATE DEFINER=`root`@`%` EVENT `auto_confirm_sk` ON SCHEDULE EVERY 30 SECOND STARTS '2019-01-23 19:16:11' ON COMPLETION PRESERVE ENABLE DO update orderform set finishstate='2', sktype=1 where dkdate<date_sub(now(), interval 4 hour) and finishstate='1'
;
;;
DELIMITER ;

-- ----------------------------
-- Event structure for `auto_freeze_member`
-- ----------------------------
DROP EVENT IF EXISTS `auto_freeze_member`;
DELIMITER ;;
CREATE DEFINER=`root`@`%` EVENT `auto_freeze_member` ON SCHEDULE EVERY 30 SECOND STARTS '2019-01-23 19:59:43' ON COMPLETION PRESERVE ENABLE DO update user set state='2' where uid in (SELECT buyerid from orderform where orderdate<date_sub(now(), interval 4 hour) and finishstate=0)
;
;;
DELIMITER ;

-- ----------------------------
-- Event structure for `auto_freeze_member_nopd`
-- ----------------------------
DROP EVENT IF EXISTS `auto_freeze_member_nopd`;
DELIMITER ;;
CREATE DEFINER=`root`@`%` EVENT `auto_freeze_member_nopd` ON SCHEDULE EVERY 30 MINUTE STARTS '2019-01-24 10:31:37' ON COMPLETION PRESERVE ENABLE DO update user set state=2 where state=1 and uid in (SELECT uid from (SELECT uid from user where date_sub(now(), interval 30 DAY) > all(select pddate from paidan where pduid=uid) and uid in (select pduid from paidan GROUP BY pduid)) as tuid)
;
;;
DELIMITER ;

-- ----------------------------
-- Event structure for `auto_freeze_member_regnopd`
-- ----------------------------
DROP EVENT IF EXISTS `auto_freeze_member_regnopd`;
DELIMITER ;;
CREATE DEFINER=`root`@`%` EVENT `auto_freeze_member_regnopd` ON SCHEDULE EVERY 30 MINUTE STARTS '2019-01-24 10:40:51' ON COMPLETION PRESERVE ENABLE DO update user set state=2 where state=1 and date_sub(now(), interval 30 DAY) > regdate and uid not in (select pduid from paidan GROUP BY pduid)
;;
DELIMITER ;
